¿¬µµ,ÆÀ,°æ±â,Å¸¼®,Å¸¼ö,µæÁ¡,¾ÈÅ¸,2·çÅ¸,3·çÅ¸,È¨·±,ÃÑ·çÅ¸,Å¸Á¡,µµ·ç,µµ·ç½ÇÆÐ,º¼³Ý,¸ö¿¡ ¸Â´Â °ø,°íÀÇ»ç±¸,»ïÁø,º´»ì,Èñ»ý¹øÆ®,Èñ»ýÇÃ¶óÀÌ
1982,MBC,80,3061,2686,419,757,124,12,65,1100,381,134,60,268,47,20,316,56,32,27
1982,»ï¼º,80,3043,2647,429,705,126,18,57,1038,374,147,42,307,30,2,349,50,36,18
1982,OB,80,3098,2745,399,778,137,23,57,1132,362,106,61,247,41,22,254,35,46,18
1982,ÇØÅÂ,80,2990,2665,374,696,110,14,84,1086,332,155,52,235,41,12,296,59,28,21
1982,·Ôµ¥,80,3062,2628,353,674,112,8,59,979,325,83,53,326,40,8,315,61,41,27
1982,»ï¹Ì,80,2954,2653,302,637,117,20,40,914,272,74,43,221,29,3,369,44,33,17
1983,»ï¼º,100,3847,3383,448,889,143,14,90,1330,421,70,42,314,55,9,427,62,66,27
1983,ÇØÅÂ,100,3734,3340,423,892,130,15,78,1286,388,131,91,294,40,16,382,75,37,23
1983,MBC,100,3715,3273,405,837,145,21,45,1159,367,128,67,281,60,8,368,58,70,30
1983,OB,100,3766,3330,418,863,142,26,50,1207,378,60,45,279,50,11,352,63,89,18
1983,·Ôµ¥,100,3740,3308,370,807,133,18,78,1210,342,76,61,308,39,2,423,71,58,24
1983,»ï¹Ì,100,3738,3317,345,814,113,14,62,1141,315,35,41,282,47,16,404,76,73,18
1984,»ï¼º,100,3756,3298,435,889,147,18,78,1306,413,75,61,313,63,18,422,62,62,18
1984,·Ôµ¥,100,3729,3267,405,840,139,20,71,1232,374,108,65,326,48,17,446,58,56,28
1984,OB,100,3660,3181,382,816,133,18,53,1144,362,111,62,339,43,17,367,66,62,34
1984,ÇØÅÂ,100,3728,3321,369,822,143,10,76,1213,343,87,52,313,33,8,496,87,39,21
1984,MBC,100,3754,3317,375,840,127,35,47,1178,341,99,68,314,40,14,446,62,47,35
1984,»ï¹Ì,100,3773,3319,334,788,134,14,58,1124,301,42,29,332,34,11,473,73,75,12
1985,»ï¼º,110,4250,3644,552,1005,181,22,97,1521,514,116,85,408,61,15,465,74,93,42
1985,ÇØÅÂ,110,4186,3709,483,1009,160,13,99,1492,437,130,77,348,33,5,386,85,60,32
1985,»ï¹Ì/Ã»º¸,110,4165,3648,416,920,158,9,73,1315,376,70,48,378,44,4,457,95,71,22
1985,OB,110,4189,3667,473,954,146,27,67,1355,432,107,76,354,50,19,442,54,87,31
1985,·Ôµ¥,110,4138,3598,426,920,168,19,77,1357,399,79,58,352,47,11,445,78,106,34
1985,MBC,110,4069,3624,345,892,127,19,37,1168,317,129,73,324,39,16,452,65,54,27
1986,»ï¼º,108,4119,3617,475,997,177,22,74,1440,442,110,67,354,48,13,465,76,68,31
1986,ÇØÅÂ,108,4044,3582,474,929,136,18,99,1398,443,120,78,321,39,16,406,82,76,23
1986,MBC,108,4138,3644,434,964,152,29,37,1285,398,116,59,315,55,15,428,65,89,35
1986,ºù±×·¹,108,4004,3453,333,815,122,23,46,1121,313,79,85,420,30,3,494,81,84,17
1986,OB,108,4044,3531,369,880,114,31,38,1170,350,78,69,336,39,13,394,71,104,29
1986,·Ôµ¥,108,4089,3603,373,894,140,28,37,1201,332,89,51,342,24,16,357,81,100,19
1986,Ã»º¸,108,3926,3449,318,755,138,10,66,1111,322,47,52,327,42,10,518,86,86,22
1987,»ï¼º,108,4218,3731,583,1120,164,29,105,1657,548,101,51,380,40,15,448,88,26,40
1987,·Ôµ¥,108,4155,3625,432,970,161,27,40,1305,400,99,50,390,34,20,330,102,86,20
1987,ºù±×·¹,108,4054,3547,410,972,144,22,48,1304,370,79,85,326,53,11,423,84,104,23
1987,ÇØÅÂ,108,4085,3609,393,910,151,12,71,1298,368,90,44,335,44,19,379,96,68,26
1987,OB,108,4010,3548,415,927,123,34,30,1208,391,72,49,342,24,7,369,88,70,25
1987,Ã»º¸,108,4026,3499,401,848,152,14,54,1190,372,127,80,400,27,7,502,79,82,17
1987,MBC,108,4019,3566,388,919,117,38,36,1220,359,91,54,296,43,14,353,80,85,28
1988,ÇØÅÂ,108,4060,3561,503,1009,134,14,112,1507,466,136,58,343,44,11,374,95,77,33
1988,»ï¼º,108,4192,3692,516,1028,148,21,85,1473,486,110,62,381,42,13,493,74,53,24
1988,ºù±×·¹,108,4103,3616,506,961,177,21,73,1399,465,83,51,332,52,7,464,78,70,32
1988,·Ôµ¥,108,4095,3578,482,967,142,18,68,1349,446,127,64,347,40,16,333,81,104,24
1988,ÅÂÆò¾ç,108,3961,3481,387,908,156,21,58,1280,360,82,63,339,23,21,402,88,95,24
1988,MBC,108,4101,3652,408,951,132,27,42,1263,373,118,61,321,34,16,384,72,70,23
1988,OB,108,4043,3583,418,923,145,25,44,1250,387,87,39,321,28,13,374,91,78,31
1989,ºù±×·¹,120,4633,4064,595,1121,208,26,97,1672,549,122,60,412,48,23,544,74,64,45
1989,»ï¼º,120,4571,4024,580,1095,174,20,96,1597,540,160,76,397,45,11,616,78,56,47
1989,ÇØÅÂ,120,4564,3963,500,1011,142,9,90,1441,472,111,74,470,48,26,508,111,57,26
1989,ÅÂÆò¾ç,120,4469,3817,477,943,178,25,48,1315,428,167,80,482,39,25,545,74,98,33
1989,MBC,120,4550,3912,490,985,139,36,42,1322,458,172,94,470,40,14,489,89,85,42
1989,·Ôµ¥,120,4612,3939,419,974,155,23,38,1289,383,100,74,519,29,19,520,89,98,27
1989,OB,120,4482,3935,447,970,165,28,42,1317,416,135,73,389,42,16,559,65,82,32
1990,ºù±×·¹,120,4625,3971,610,1074,174,24,112,1632,560,138,66,495,47,18,617,83,70,42
1990,»ï¼º,120,4551,3961,593,1040,170,13,131,1629,555,108,54,434,52,12,532,91,68,31
1990,ÇØÅÂ,120,4595,3952,538,1066,177,23,87,1550,501,101,66,466,53,28,544,100,95,29
1990,LG,120,4661,4024,578,1089,156,40,61,1508,528,140,101,465,65,24,450,82,56,50
1990,ÅÂÆò¾ç,120,4494,3898,485,961,176,25,47,1328,444,133,84,443,43,16,534,93,84,24
1990,·Ôµ¥,120,4522,3858,453,946,163,30,41,1292,417,125,64,464,48,12,501,91,119,31
1990,OB,120,4471,3902,404,901,153,22,62,1284,380,83,66,425,38,17,562,77,66,40
1991,ºù±×·¹,126,4870,4221,644,1155,181,43,136,1830,607,121,63,485,51,22,704,92,84,29
1991,ÇØÅÂ,126,4843,4135,618,1069,171,29,144,1730,594,152,77,516,83,12,588,102,74,35
1991,»ï¼º,126,4875,4182,639,1138,180,25,108,1692,593,126,82,510,59,28,546,106,85,37
1991,½Ö¹æ¿ï,126,4734,4114,554,1041,198,30,87,1560,505,130,87,475,66,12,726,93,46,33
1991,·Ôµ¥,126,4821,4128,583,1072,177,46,73,1560,533,97,57,457,61,30,515,78,122,47
1991,OB,126,4791,4220,501,1054,169,39,59,1478,458,136,78,418,40,23,648,84,91,22
1991,ÅÂÆò¾ç,126,4680,4102,426,976,208,25,51,1387,395,143,73,423,43,25,598,80,85,27
1991,LG,126,4680,4131,472,1009,158,41,53,1408,430,110,99,400,52,18,475,118,67,29
1992,ÇØÅÂ,126,4903,4183,701,1139,191,16,138,1776,658,134,57,559,70,14,656,114,54,37
1992,·Ôµ¥,126,4904,4205,663,1213,211,62,68,1752,619,130,55,483,59,14,542,90,103,53
1992,ºù±×·¹,126,4865,4197,658,1120,191,29,146,1807,620,104,59,511,58,29,660,96,54,45
1992,»ï¼º,126,4921,4250,633,1128,169,23,124,1715,585,127,61,494,73,21,620,95,58,44
1992,OB,126,4833,4225,547,1096,172,31,110,1660,511,96,58,439,37,19,645,98,96,32
1992,½Ö¹æ¿ï,126,4766,4081,508,1015,167,29,90,1510,459,89,53,528,54,24,748,138,77,21
1992,LG,126,4841,4261,572,1094,172,24,108,1638,539,89,55,439,46,21,570,111,64,31
1992,ÅÂÆò¾ç,126,4745,4143,518,1061,204,25,87,1576,464,72,49,406,48,11,620,94,117,21
1993,»ï¼º,126,4999,4369,613,1169,169,22,133,1781,592,102,73,465,66,13,662,105,53,38
1993,ÇØÅÂ,126,4711,4102,513,1030,169,12,95,1508,465,161,73,452,48,6,606,107,71,31
1993,LG,126,4730,4182,496,1069,176,32,74,1531,463,117,62,376,55,17,594,95,91,26
1993,OB,126,4740,4131,473,1066,176,34,59,1487,442,86,49,403,48,16,611,104,118,39
1993,ºù±×·¹,126,4715,4119,454,982,180,13,81,1431,427,96,50,433,54,16,743,94,73,35
1993,·Ôµ¥,126,4675,4077,452,1013,160,38,29,1336,422,174,79,389,53,10,563,75,114,41
1993,ÅÂÆò¾ç,126,4532,4025,342,913,169,15,35,1217,314,80,50,343,39,17,776,100,104,21
1993,½Ö¹æ¿ï,126,4546,4005,366,903,138,14,46,1207,342,117,80,392,53,12,733,88,74,21
1994,LG,126,4886,4265,655,1204,205,36,88,1745,612,143,61,455,70,18,573,83,54,41
1994,»ï¼º,126,4801,4161,541,1081,165,22,106,1608,510,120,67,458,64,21,650,95,79,39
1994,ÇØÅÂ,126,4757,4254,563,1153,183,17,93,1649,534,164,59,332,44,20,583,75,87,37
1994,·Ôµ¥,126,4710,4175,489,1072,180,33,58,1492,457,175,88,378,52,19,672,80,57,48
1994,ÅÂÆò¾ç,126,4636,4047,485,988,179,18,91,1476,453,66,64,385,53,16,750,86,126,25
1994,½Ö¹æ¿ï,126,4690,4142,494,1027,160,20,87,1488,455,151,68,378,45,19,622,86,100,23
1994,ÇÑÈ­,126,4691,4063,482,1002,166,15,68,1402,444,94,66,416,63,19,696,97,113,36
1994,OB,126,4656,4113,477,1013,159,18,75,1433,459,81,54,364,53,15,712,76,93,33
1995,OB,126,4853,4342,629,1154,203,28,106,1731,585,121,57,357,52,16,741,99,62,40
1995,·Ôµ¥,126,4830,4197,590,1071,158,51,65,1526,552,220,73,447,71,22,726,74,56,59
1995,LG,126,4752,4137,527,1064,170,34,79,1539,472,121,50,421,76,20,621,90,73,45
1995,»ï¼º,126,4752,4188,558,1047,199,20,94,1568,516,100,44,384,92,21,723,77,55,32
1995,ÇÑÈ­,126,4755,4161,510,1037,205,25,96,1580,477,97,65,403,63,22,747,80,100,28
1995,½Ö¹æ¿ï,126,4708,4154,476,1054,165,21,83,1510,438,131,70,381,37,25,600,75,103,33
1995,ÇØÅÂ,126,4638,4095,431,989,154,22,75,1412,397,130,43,341,77,20,675,94,86,35
1995,ÅÂÆò¾ç,126,4657,4119,467,965,170,20,82,1421,436,93,48,389,46,15,754,90,67,35
1996,·Ôµ¥,126,4812,4244,566,1161,214,38,72,1667,543,139,61,398,50,23,692,94,82,38
1996,ÇØÅÂ,126,4803,4168,515,1022,191,18,92,1525,510,170,54,463,72,31,701,83,71,29
1996,½Ö¹æ¿ï,126,4805,4111,545,1085,192,33,58,1517,489,85,59,427,70,34,690,89,143,47
1996,»ï¼º,126,4732,4136,510,1029,191,23,88,1530,478,135,78,423,76,19,807,77,56,37
1996,LG,126,4856,4203,506,1036,164,18,98,1530,499,95,57,441,94,31,612,84,92,26
1996,ÇÑÈ­,126,4747,4081,522,1000,203,23,90,1519,499,95,72,432,80,17,836,92,123,30
1996,Çö´ë,126,4729,4127,493,1001,171,21,106,1532,462,112,90,396,72,35,747,66,104,30
1996,OB,126,4653,4163,446,1008,178,23,82,1478,410,78,53,327,59,26,721,98,75,29
1997,»ï¼º,126,4976,4305,722,1194,254,24,165,1991,669,137,80,456,90,43,804,67,88,32
1997,ÇØÅÂ,126,4825,4183,616,1081,208,9,133,1706,578,148,62,466,67,48,722,102,78,30
1997,½Ö¹æ¿ï,126,4781,4057,602,1090,201,30,110,1681,565,81,60,490,51,37,693,99,139,44
1997,LG,126,4821,4153,590,1109,220,29,83,1636,549,137,53,422,90,24,601,82,97,57
1997,OB,126,4767,4215,511,1070,159,21,84,1523,481,143,53,382,69,19,717,96,70,31
1997,ÇÑÈ­,126,4690,4077,481,1032,180,18,102,1554,445,98,74,381,71,20,779,88,128,33
1997,Çö´ë,126,4680,4032,497,994,179,19,82,1457,459,112,78,424,72,33,720,92,122,28
1997,·Ôµ¥,126,4599,4066,434,962,176,20,75,1403,411,110,69,359,56,16,801,89,88,29
1998,Çö´ë,126,4779,4161,633,1123,216,21,142,1807,587,134,85,413,74,16,820,69,91,38
1998,»ï¼º,126,4918,4263,620,1143,211,20,143,1823,576,117,61,446,80,48,822,103,90,38
1998,LG,126,4840,4243,609,1131,229,21,100,1702,567,99,47,417,68,17,699,94,77,35
1998,½Ö¹æ¿ï,126,4773,4170,536,1089,176,31,101,1630,499,93,46,440,33,32,758,94,95,34
1998,·Ôµ¥,126,4781,4188,536,1070,200,33,86,1594,500,76,54,403,68,24,829,76,89,32
1998,OB,126,4717,4223,520,1080,174,28,102,1616,479,123,50,338,56,17,713,87,65,34
1998,ÇÑÈ­,126,4693,4162,503,1042,201,10,123,1632,472,94,59,339,72,23,784,94,99,21
1998,ÇØÅÂ,126,4678,4129,489,1067,188,8,94,1553,467,58,26,367,57,25,669,125,92,33
1999,ÇÑÈ­,132,5089,4479,731,1268,253,29,197,2170,687,128,70,432,77,14,847,107,59,42
1999,ÇØÅÂ,132,5256,4549,765,1264,206,12,210,2124,723,98,48,555,58,13,871,105,68,26
1999,·Ôµ¥,132,5186,4498,753,1309,261,34,145,2073,709,98,68,465,72,16,815,93,99,52
1999,»ï¼º,132,5254,4555,748,1244,202,14,207,2095,712,140,47,483,96,24,964,90,79,41
1999,µÎ»ê,132,5229,4587,721,1305,218,31,141,2008,693,136,44,478,49,21,693,126,74,41
1999,LG,132,5180,4574,744,1287,218,40,145,2020,700,99,32,428,78,16,772,91,57,43
1999,Çö´ë,132,5260,4456,699,1210,187,18,143,1862,652,109,65,537,98,22,780,88,127,42
1999,½Ö¹æ¿ï,132,5054,4462,523,1108,177,28,86,1599,496,126,51,418,64,8,908,68,76,33
2000,Çö´ë,133,5240,4478,777,1245,246,25,208,2165,736,104,56,548,94,19,905,87,74,46
2000,µÎ»ê,133,5213,4590,694,1325,205,21,150,2022,661,115,29,475,58,10,684,120,43,47
2000,»ï¼º,133,5212,4546,744,1223,246,15,177,2030,708,81,37,496,80,23,967,97,47,43
2000,ÇÑÈ­,133,5203,4600,680,1270,265,14,180,2103,655,78,49,449,66,19,997,130,45,43
2000,LG,133,5271,4532,687,1239,227,22,122,1876,647,97,43,553,55,21,805,93,84,46
2000,·Ôµ¥,133,5178,4557,603,1186,206,26,104,1756,553,92,48,449,66,19,831,93,82,24
2000,SK,133,5111,4492,602,1167,193,23,105,1721,566,67,44,429,77,6,858,107,77,35
2000,ÇØÅÂ,133,5176,4511,588,1137,216,13,86,1637,537,113,53,527,40,16,866,107,64,33
2001,»ï¼º,133,5280,4553,739,1262,244,21,162,2034,695,73,44,520,95,27,814,111,69,42
2001,·Ôµ¥,133,5308,4521,718,1265,247,24,121,1923,671,106,53,585,60,39,817,89,82,60
2001,µÎ»ê,133,5303,4583,732,1266,221,26,130,1929,688,132,34,560,60,27,697,116,54,46
2001,ÇÑÈ­,133,5259,4556,659,1255,211,15,148,1940,628,135,65,549,45,28,877,106,75,34
2001,Çö´ë,133,5225,4445,711,1192,166,20,169,1905,667,99,55,598,76,14,911,109,77,29
2001,ÇØÅÂ/KIA,133,5189,4542,683,1263,221,17,142,1944,637,92,63,497,56,21,774,129,51,43
2001,LG,133,5319,4521,669,1247,219,24,85,1769,630,96,58,590,52,24,759,100,114,41
2001,SK,133,5077,4400,596,1143,215,11,113,1719,555,123,59,457,71,23,770,95,122,26
2002,»ï¼º,133,5304,4648,777,1321,266,16,191,2192,731,47,29,469,97,26,804,116,55,34
2002,KIA,133,5200,4575,643,1230,220,14,120,1838,611,155,39,454,91,32,914,107,45,35
2002,SK,133,5090,4475,618,1207,204,27,158,1939,587,80,55,385,100,15,815,94,96,34
2002,Çö´ë,133,5140,4444,658,1160,191,25,173,1920,643,79,50,464,99,26,945,82,99,34
2002,ÇÑÈ­,133,5062,4491,603,1148,206,10,170,1884,570,94,65,446,49,22,1064,106,52,22
2002,µÎ»ê,133,5083,4498,587,1173,174,21,130,1779,556,106,42,434,58,17,794,107,47,46
2002,LG,133,5121,4492,583,1173,212,22,100,1729,541,140,63,412,86,29,951,91,93,37
2002,·Ôµ¥,133,4986,4512,463,1105,206,19,85,1604,443,76,63,324,78,14,978,75,49,22
2003,Çö´ë,133,5313,4483,723,1280,208,15,175,2043,673,75,48,543,109,23,727,100,139,38
2003,»ï¼º,133,5241,4564,769,1295,236,14,213,2198,744,56,32,481,85,19,661,131,73,38
2003,KIA,133,5127,4448,657,1211,219,16,129,1849,626,146,67,505,42,18,721,72,94,37
2003,SK,133,5157,4445,644,1208,209,16,156,1917,612,82,57,464,89,10,763,87,127,32
2003,µÎ»ê,133,5165,4536,563,1251,205,21,90,1768,541,58,36,452,62,17,706,121,63,52
2003,ÇÑÈ­,133,5198,4458,577,1131,218,20,121,1752,521,78,57,542,75,22,887,89,102,21
2003,LG,133,4964,4375,509,1088,188,29,106,1652,485,135,62,404,70,11,781,90,74,40
2003,·Ôµ¥,133,4987,4465,491,1143,232,18,73,1630,451,84,66,338,73,11,848,75,83,28
2004,Çö´ë,133,5322,4480,692,1233,190,13,134,1851,653,100,45,607,86,29,871,109,111,38
2004,KIA,133,5190,4426,643,1182,224,9,143,1853,610,127,54,549,79,22,693,118,82,54
2004,»ï¼º,133,5170,4509,641,1215,225,9,132,1854,600,50,32,460,86,22,704,122,84,31
2004,SK,133,5254,4499,655,1223,196,9,138,1851,626,50,47,521,93,24,818,98,105,35
2004,ÇÑÈ­,133,5150,4519,632,1213,245,17,140,1912,605,82,58,456,54,14,923,107,88,33
2004,µÎ»ê,133,5109,4485,606,1200,202,19,89,1707,573,71,59,433,96,12,780,86,55,40
2004,LG,133,5081,4432,588,1150,176,24,102,1680,554,69,48,441,95,18,892,89,73,40
2004,·Ôµ¥,133,5075,4462,533,1125,195,21,88,1626,500,129,46,416,92,15,853,99,74,31
2005,ÇÑÈ­,133,4841,4304,622,1163,211,9,159,1869,594,62,24,400,75,12,824,121,31,31
2005,»ï¼º,133,4975,4234,614,1134,178,6,111,1657,575,97,38,500,109,21,748,112,98,34
2005,SK,133,4984,4230,589,1139,174,12,122,1703,559,101,54,495,85,27,806,88,136,38
2005,Çö´ë,133,4899,4190,563,1071,168,16,134,1673,529,81,38,458,120,12,817,85,105,26
2005,LG,133,4785,4222,601,1098,189,21,105,1644,554,149,45,349,93,12,915,72,80,41
2005,µÎ»ê,133,4922,4256,596,1147,183,17,63,1553,558,103,50,465,85,14,701,93,81,35
2005,KIA,133,4848,4234,541,1102,183,13,99,1608,507,101,43,430,74,24,718,101,79,31
2005,·Ôµ¥,133,4722,4177,500,1058,202,23,83,1555,470,88,52,361,70,11,856,83,94,20
2006,Çö´ë,126,4798,4092,547,1104,172,9,92,1570,518,71,47,444,77,17,628,108,153,32
2006,ÇÑÈ­,126,4769,4170,511,1057,191,3,110,1584,481,65,28,442,59,13,800,120,68,30
2006,SK,126,4793,4177,509,1059,171,19,99,1565,488,117,47,424,63,19,859,84,96,33
2006,»ï¼º,126,4779,4091,538,1043,192,9,73,1472,505,121,52,477,79,14,689,107,90,42
2006,KIA,126,4754,4181,476,1067,191,22,62,1488,431,93,43,390,55,20,650,90,102,26
2006,µÎ»ê,126,4708,4147,455,1068,152,28,55,1441,425,132,57,368,83,14,635,102,81,27
2006,·Ôµ¥,126,4766,4137,488,1034,173,3,88,1477,463,62,41,418,65,17,815,84,124,21
2006,LG,126,4724,4217,457,1037,181,16,81,1493,430,84,33,330,52,19,813,86,92,32
2007,SK,126,4881,4236,603,1118,212,20,112,1706,568,136,68,442,76,22,750,86,87,40
2007,µÎ»ê,126,4856,4199,578,1103,209,32,78,1610,543,161,59,449,88,21,748,102,68,51
2007,LG,126,4933,4322,532,1160,186,19,78,1618,508,130,46,431,48,24,704,107,89,43
2007,·Ôµ¥,126,4894,4273,533,1152,193,18,76,1609,501,67,46,405,73,34,763,87,104,39
2007,Çö´ë,126,4920,4260,530,1154,178,7,96,1634,507,51,36,443,60,38,653,111,125,32
2007,ÇÑÈ­,126,4805,4128,534,1050,165,13,104,1553,502,48,21,506,56,17,705,128,87,28
2007,»ï¼º,126,4895,4186,497,1062,191,9,86,1529,469,101,46,511,63,28,678,93,95,39
2007,KIA,126,4811,4204,499,1080,198,16,73,1529,466,70,44,428,55,7,630,117,78,45
2008,SK,126,5003,4332,632,1222,215,23,89,1750,591,170,83,491,62,15,735,99,80,38
2008,·Ôµ¥,126,4890,4256,624,1200,199,22,93,1722,590,133,68,445,76,13,728,97,62,51
2008,µÎ»ê,126,4975,4344,647,1198,166,37,68,1642,598,189,63,472,78,23,719,115,36,44
2008,ÇÑÈ­,126,4882,4275,592,1086,204,20,120,1690,566,97,25,463,57,17,770,100,52,35
2008,»ï¼º,126,4859,4180,557,1078,187,15,92,1571,520,59,37,505,65,15,699,115,70,38
2008,È÷¾î·ÎÁî,126,4834,4317,499,1149,190,19,70,1587,471,97,57,396,37,20,713,114,51,33
2008,KIA,126,4832,4210,503,1095,188,28,48,1483,465,131,65,453,48,14,642,97,85,35
2008,LG,126,4743,4184,468,1070,164,23,66,1478,447,111,45,364,59,6,765,90,85,50
2009,SK,133,5379,4574,732,1303,235,17,166,2070,693,181,68,552,84,16,892,103,128,40
2009,»ï¼º,133,5220,4459,685,1224,234,15,146,1926,650,125,50,584,67,23,789,108,67,43
2009,µÎ»ê,133,5265,4591,722,1286,215,33,120,1927,669,129,50,522,86,21,849,128,26,40
2009,È÷¾î·ÎÁî,133,5211,4486,683,1219,228,20,153,1946,650,192,67,547,63,22,905,116,64,48
2009,ÇÑÈ­,133,5273,4620,657,1241,210,13,164,1969,629,69,20,498,81,16,1017,126,43,31
2009,KIA,133,5215,4455,706,1191,197,24,156,1904,671,113,52,579,66,26,890,111,74,41
2009,LG,133,5248,4505,670,1251,182,21,129,1862,627,141,47,552,49,28,781,124,97,45
2009,·Ôµ¥,133,5053,4420,637,1223,252,15,121,1868,597,106,45,456,68,8,816,121,60,49
2010,µÎ»ê,133,5252,4538,731,1276,224,25,149,1997,706,128,61,533,89,27,834,97,54,38
2010,·Ôµ¥,133,5261,4673,773,1345,220,16,185,2152,739,124,51,420,67,15,873,105,60,41
2010,»ï¼º,133,5287,4436,681,1207,212,14,118,1801,630,158,55,621,75,29,916,111,111,44
2010,LG,133,5270,4604,688,1270,223,17,121,1890,652,169,56,486,54,25,907,97,82,44
2010,SK,133,5213,4439,704,1217,222,16,120,1831,648,161,69,484,99,25,813,86,147,44
2010,KIA,133,5166,4416,611,1148,190,17,106,1690,574,117,52,523,85,14,865,110,109,33
2010,³Ø¼¾,133,5139,4452,570,1165,199,20,87,1665,539,135,56,480,68,16,874,119,95,43
2010,ÇÑÈ­,133,5009,4321,543,1053,160,13,104,1551,508,121,70,497,80,10,943,106,75,33
2011,·Ôµ¥,133,5234,4599,713,1324,226,30,111,1943,666,112,58,466,64,19,836,124,61,44
2011,KIA,133,5129,4373,627,1177,204,15,106,1729,597,113,38,554,59,11,782,110,109,34
2011,µÎ»ê,133,5204,4498,614,1221,196,27,92,1747,578,130,57,513,81,17,799,118,73,39
2011,»ï¼º,133,5145,4437,625,1150,193,20,95,1668,585,158,51,522,69,23,940,97,73,43
2011,LG,133,5158,4522,579,1203,192,15,94,1707,539,116,52,463,49,15,858,106,86,37
2011,SK,133,5124,4404,584,1157,204,18,100,1697,561,105,61,470,67,15,891,88,147,36
2011,ÇÑÈ­,133,5085,4367,568,1112,160,14,93,1579,536,100,76,488,74,14,906,93,130,25
2011,³Ø¼¾,133,4989,4343,512,1065,187,23,79,1535,472,99,55,460,51,16,992,94,103,32
2012,»ï¼º,133,5161,4436,628,1205,200,26,89,1724,585,125,48,500,86,19,813,91,91,47
2012,SK,133,4996,4347,564,1120,197,15,108,1671,523,104,75,445,58,19,864,85,118,28
2012,KIA,133,5131,4348,553,1112,197,19,54,1509,518,132,51,544,60,18,790,100,132,47
2012,³Ø¼¾,133,5021,4338,549,1056,189,28,102,1607,509,179,72,476,72,17,892,79,92,43
2012,LG,133,5180,4539,544,1184,212,18,59,1609,512,140,57,458,53,19,857,107,80,50
2012,ÇÑÈ­,133,5057,4331,509,1077,208,12,71,1522,479,107,53,538,61,17,907,102,100,27
2012,·Ôµ¥,133,5043,4481,509,1179,202,16,73,1632,479,119,53,375,54,19,890,91,107,26
2012,µÎ»ê,133,4938,4379,524,1139,172,26,59,1540,490,116,51,362,54,12,659,129,102,40
2013,µÎ»ê,128,5142,4401,699,1271,217,37,95,1847,654,172,61,524,79,19,717,105,82,56
2013,»ï¼º,128,5042,4370,669,1235,212,17,113,1820,624,95,41,453,93,9,818,98,84,41
2013,³Ø¼¾,128,5015,4294,646,1167,209,11,125,1773,607,131,65,505,98,12,912,94,76,42
2013,SK,128,4950,4278,588,1134,189,20,124,1735,558,144,63,465,86,25,918,99,83,37
2013,LG,128,4934,4291,616,1210,194,38,59,1657,574,139,71,451,59,11,806,80,91,42
2013,KIA,128,5051,4318,587,1125,195,13,88,1610,545,141,47,537,75,8,864,110,78,42
2013,·Ôµ¥,128,4978,4289,556,1118,208,18,61,1545,522,133,58,502,72,22,862,92,74,41
2013,ÇÑÈ­,128,4915,4271,480,1106,212,13,47,1485,448,70,49,479,80,11,933,140,54,30
2013,NC,128,4866,4282,512,1045,209,25,86,1562,485,142,47,434,62,11,955,94,55,31
2014,³Ø¼¾,128,5163,4434,841,1323,275,31,199,2257,786,100,44,523,101,10,849,100,65,40
2014,»ï¼º,128,5152,4464,812,1345,238,23,161,2112,763,161,46,507,62,11,743,88,76,43
2014,µÎ»ê,128,5084,4428,687,1299,234,26,108,1909,646,110,43,468,64,10,731,103,81,43
2014,SK,128,5082,4423,735,1285,245,22,115,1919,696,139,46,447,72,12,926,92,91,49
2014,·Ôµ¥,128,5194,4487,716,1289,252,26,121,1956,686,63,41,534,70,19,964,95,62,41
2014,NC,128,5031,4426,737,1249,228,36,143,1978,697,154,47,443,67,9,918,90,44,51
2014,KIA,128,5023,4443,662,1279,246,27,121,1942,631,121,63,416,62,11,870,95,67,35
2014,LG,128,5070,4349,667,1214,213,22,90,1741,623,104,64,524,63,16,817,112,77,57
2014,ÇÑÈ­,128,5055,4417,619,1251,223,24,104,1834,594,70,41,490,55,5,839,125,50,43
2015,»ï¼º,144,5803,5019,897,1515,259,25,176,2352,850,157,52,581,70,21,930,109,76,57
2015,³Ø¼¾,144,5811,5069,904,1512,304,20,203,2465,855,100,47,544,82,18,1098,112,61,55
2015,µÎ»ê,144,5759,4957,807,1436,254,22,140,2154,770,111,47,567,99,24,820,139,75,60
2015,NC,144,5727,4967,844,1437,283,28,161,2259,802,204,60,536,106,24,1023,105,64,53
2015,·Ôµ¥,144,5680,4972,765,1393,254,19,177,2216,727,104,50,532,68,22,1186,136,80,28
2015,SK,144,5588,4861,693,1323,214,10,145,1992,656,94,59,490,98,13,1047,113,110,29
2015,kt,144,5605,4927,670,1344,221,15,129,1982,633,124,52,507,58,21,1112,118,75,37
2015,ÇÑÈ­,144,5716,4852,717,1316,218,19,130,1962,667,80,47,581,109,33,1135,112,139,35
2015,LG,144,5599,4941,653,1331,252,22,114,1969,601,113,62,462,80,18,1076,98,75,41
2015,KIA,144,5454,4777,648,1197,223,22,136,1872,602,115,50,454,101,16,1126,105,79,43
2016,µÎ»ê,144,5841,5044,935,1504,284,25,183,2387,877,85,45,600,86,11,884,121,43,68
2016,NC,144,5833,5007,857,1457,249,19,169,2251,808,99,41,609,93,18,1023,133,70,52
2016,³Ø¼¾,144,5702,4990,813,1464,254,39,134,2198,765,154,83,556,63,17,956,121,34,59
2016,»ï¼º,144,5863,5093,852,1492,249,34,142,2235,792,104,50,552,75,15,864,119,88,55
2016,·Ôµ¥,144,5784,5001,777,1439,252,20,127,2112,732,145,64,596,83,18,1061,120,62,41
2016,KIA,144,5696,4999,803,1429,264,28,170,2259,754,101,50,499,87,12,997,109,66,45
2016,LG,144,5765,5051,786,1464,238,26,118,2108,744,121,70,523,72,10,982,92,65,54
2016,SK,144,5672,5023,753,1464,234,19,182,2282,715,89,60,429,102,13,1018,104,71,47
2016,ÇÑÈ­,144,5838,5109,826,1478,242,27,142,2200,787,64,38,510,91,19,1025,123,87,41
2016,kt,144,5620,4963,672,1369,214,11,116,1953,639,96,46,499,48,7,933,130,65,45
2017,µÎ»ê,144,5833,5102,849,1499,270,20,178,2343,812,69,33,541,95,19,960,120,48,47
2017,KIA,144,5841,5142,906,1554,292,29,170,2414,868,76,34,499,89,19,891,118,55,56
2017,NC,144,5790,5079,786,1489,277,19,149,2251,739,93,32,471,130,19,979,119,62,48
2017,³Ø¼¾,144,5712,5098,789,1479,267,30,141,2229,748,70,34,468,83,15,1066,129,21,42
2017,SK,144,5564,4925,761,1337,222,15,234,2291,733,53,42,427,113,20,1100,97,57,41
2017,·Ôµ¥,144,5671,4994,743,1425,250,17,151,2162,697,92,44,457,112,33,1018,146,76,32
2017,ÇÑÈ­,144,5665,5030,737,1445,261,16,150,2188,684,64,44,416,94,15,974,112,85,38
2017,»ï¼º,144,5707,5095,757,1419,255,36,145,2181,703,98,37,429,70,17,983,97,58,55
2017,LG,144,5614,4944,699,1390,216,20,110,1976,664,77,56,438,101,17,1021,123,76,55
2017,kt,144,5485,4937,655,1360,274,17,119,2025,625,86,51,374,66,11,1017,118,62,45
